ticket_id,channel,subject,text,category,priority,product
T100342,chat,,I found a crack in the frame of my Trail Blazer 29 near the seat post. Is it safe to ride?,SAFETY,P1,Trailblazer 29
T100232,email,Brakes!!,The battery on my Trailblazer 29er got really hot and started smoking in the garage. You can call me at [PHONE].,SAFETY,P1,Trailblazer 29
T100144,web,Question,How often should I get my bike serviced?,GENERAL,P4,UNKNOWN
T100344,web,Accessories,My name is [NAME] [NAME]. Is it ok to ride the Trailblazer 29 in the rain? My email is [EMAIL].,GENERAL,P4,Trailblazer 29
T100503,email,Quick question,How often should I get my bike serviced? You can call me at [PHONE].,GENERAL,P4,UNKNOWN
T100367,web,Defect,"My name is [NAME] [NAME]. The kickstand bolt on my city glide e2 sheared off, bike is less than a year old. Order [ORDER_ID].",WARRANTY,P2,CityGlide E2
T100480,chat,Return,"Bought the urban fold mini as a gift but they already have one, how do returns work?",RETURN,P3,UrbanFold Mini
T100091,chat,,"Bought the kids bike 16 as a gift but they already have one, how do returns work? Order [ORDER_ID].",RETURN,P3,KidRider 16
T100008,web,URGENT,"My name is [NAME] [NAME]. Front brake on the Summit Carbon feels like it's not grabbing at all, really scary.",SAFETY,P1,Summit Pro Carbon
T100043,chat,,What tire pressure should I run on my summit pro? Order [ORDER_ID].,GENERAL,P4,Summit Pro Carbon
T100215,email,Order update?,Can you tell me when my urban fold mini order will ship? Order [ORDER_ID].,ORDER_STATUS,P3,UrbanFold Mini
T100111,web,Refund request,The urban fold mini isn't what I expected. Can I get a refund? Order [ORDER_ID].,RETURN,P3,UrbanFold Mini
T100097,email,Quick question,Do you sell a rear rack that fits the CityGlide? Order [ORDER_ID].,GENERAL,P4,CityGlide E2
T100119,email,URGENT,The brakes on my trailblazer29 stopped working while I was going downhill.,SAFETY,P1,Trailblazer 29
T100397,web,URGENT,The battery on my city glide e2 got really hot and started smoking in the garage.,SAFETY,P1,CityGlide E2
T100415,email,,My kid rider 16 is 8 months old and the gears keep slipping. Is this covered? Order [ORDER_ID]. You can call me at [PHONE].,WARRANTY,P2,KidRider 16
T100172,web,Brakes!!,The brakes on my kid rider 16 stopped working while I was going downhill. Order [ORDER_ID].,SAFETY,P1,KidRider 16
T100231,email,,"Front brake on the UrbanFold Mini feels like it's not grabbing at all, really scary.",SAFETY,P1,UrbanFold Mini
T100443,chat,Shipping,"My kid rider 16 order says processing for a week now, what's going on?",ORDER_STATUS,P3,KidRider 16
T100195,email,Question,What tire pressure should I run on my Summit Pro Carbon?,GENERAL,P4,Summit Pro Carbon
T100095,chat,Brakes!!,"My son's trailblazer29 has a cracked fork, he was riding it yesterday! Order [ORDER_ID].",SAFETY,P1,Trailblazer 29
T100009,chat,,I found a crack in the frame of my Trail Blazer 29 near the seat post. Is it safe to ride? Order [ORDER_ID].,SAFETY,P1,Trailblazer 29
T100493,web,Exchange,The TB-29 isn't what I expected. Can I get a refund?,RETURN,P3,Trailblazer 29
T100455,email,Return,How do I send back the KidRider? Changed my mind. You can call me at [PHONE].,RETURN,P3,KidRider 16
T100372,email,Return,The Summit Carbon isn't what I expected. Can I get a refund? You can call me at [PHONE].,RETURN,P3,Summit Pro Carbon
T100093,email,Broken part,"Rear derailleur on the urban fold mini is bent out of the box basically, 5 months old. You can call me at [PHONE].",WARRANTY,P2,UrbanFold Mini
T100269,email,Broken part,Chain on my KidRider 16 snapped after two weeks of normal commuting. You can call me at [PHONE].,WARRANTY,P2,KidRider 16
T100094,email,Order update?,"Ordered a KidRider 16 for my daughter's birthday, is it going to arrive by Friday?",ORDER_STATUS,P3,KidRider 16
T100277,email,Question,Can I put a child seat on my Trail Blazer 29? You can call me at [PHONE].,GENERAL,P4,Trailblazer 29
T100250,email,Shipping,Tracking for my UrbanFold hasn't updated in 4 days. Order [ORDER_ID]. You can call me at [PHONE].,ORDER_STATUS,P3,UrbanFold Mini
T100044,web,Refund request,"Bought the Summit Carbon as a gift but they already have one, how do returns work?",RETURN,P3,Summit Pro Carbon
T100274,web,Order update?,Can you tell me when my UrbanFold order will ship? My email is [EMAIL].,ORDER_STATUS,P3,UrbanFold Mini
T100181,web,,I found a crack in the frame of my UrbanFold near the seat post. Is it safe to ride?,SAFETY,P1,UrbanFold Mini
T100031,email,Return,The Trailblazer 29er isn't what I expected. Can I get a refund? Order [ORDER_ID].,RETURN,P3,Trailblazer 29
T100179,email,Quick question,Do you sell a rear rack that fits the KidRider 16?,GENERAL,P4,KidRider 16
T100400,web,Broken part,The motor on my CityGlide makes a grinding noise. It's still under warranty I think. Order [ORDER_ID]. My email is [EMAIL].,WARRANTY,P2,CityGlide E2
T100403,email,,"Please start a return for the TB-29, it doesn't fit in my apartment.",RETURN,P3,Trailblazer 29
T100382,chat,,"My son's E2 ebike has a cracked fork, he was riding it yesterday!",SAFETY,P1,CityGlide E2
T100398,email,Help,The handlebar on my CityGlide came loose mid-ride and I almost crashed. Order [ORDER_ID].,SAFETY,P1,CityGlide E2
T100321,email,,I found a crack in the frame of my CityGlide E2 near the seat post. Is it safe to ride? You can call me at [PHONE].,SAFETY,P1,CityGlide E2
T900521,email,Shipping,Got a delivery notification for the kid rider 16 but nothing showed up at my door. You can call me at [PHONE].,ORDER_STATUS,P3,KidRider 16
T100287,web,,My name is [NAME] [NAME]. I found a crack in the frame of my bike near the seat post. Is it safe to ride?,SAFETY,P1,UNKNOWN
T100470,web,Shipping,Tracking for my UrbanFold Mini hasn't updated in 4 days.,ORDER_STATUS,P3,UrbanFold Mini
T100154,email,,Is it ok to ride the CityGlide E2 in the rain?,GENERAL,P4,CityGlide E2
T100174,email,Where is my order,"Ordered a KidRider for my daughter's birthday, is it going to arrive by Friday? You can call me at [PHONE].",ORDER_STATUS,P3,KidRider 16
T100261,web,Brakes!!,"Front brake on the City Glide feels like it's not grabbing at all, really scary. Order [ORDER_ID].",SAFETY,P1,CityGlide E2
T100373,email,Warranty question,My bike is 8 months old and the gears keep slipping. Is this covered? You can call me at [PHONE].,GENERAL,P4,UNKNOWN
T100386,email,Broken part,"Rear derailleur on the urban fold mini is bent out of the box basically, 5 months old. Order [ORDER_ID]. You can call me at [PHONE].",WARRANTY,P2,UrbanFold Mini
T100163,chat,,"Please start a return for the City Glide, it doesn't fit in my apartment.",RETURN,P3,CityGlide E2
T100388,web,Accessories,My name is [NAME] [NAME]. Can I put a child seat on my KidRider?,GENERAL,P4,KidRider 16
T100361,email,Safety problem,The battery on my kid rider 16 got really hot and started smoking in the garage.,SAFETY,P1,KidRider 16
T100355,web,Refund request,"I want to return my TB-29, it's too big for me. Order [ORDER_ID]. My email is [EMAIL].",GENERAL,P4,Trailblazer 29
T100229,web,,Chain on my urban fold mini snapped after two weeks of normal commuting. Order [ORDER_ID].,WARRANTY,P2,UrbanFold Mini
T100511,email,Defect,The motor on my urban fold mini makes a grinding noise. It's still under warranty I think.,WARRANTY,P2,UrbanFold Mini
T100106,web,Return,My name is [NAME] [NAME]. How do I send back the CityGlide? Changed my mind. Order [ORDER_ID].,RETURN,P3,CityGlide E2
T100406,web,,"My name is [NAME] [NAME]. My Trailblazer 29er order says processing for a week now, what's going on?",ORDER_STATUS,P3,Trailblazer 29
T100279,web,Broken part,Chain on my Trailblazer 29er snapped after two weeks of normal commuting.,WARRANTY,P2,Trailblazer 29
T100495,web,Brakes!!,"Front brake on the folding mini feels like it's not grabbing at all, really scary. My email is [EMAIL].",SAFETY,P1,UrbanFold Mini
T100032,email,Warranty question,Chain on my E2 ebike snapped after two weeks of normal commuting. You can call me at [PHONE].,WARRANTY,P2,CityGlide E2
T100341,chat,Safety problem,The brakes on my CityGlide stopped working while I was going downhill.,SAFETY,P1,CityGlide E2
T100420,web,Safety problem,My name is [NAME] [NAME]. I found a crack in the frame of my Summit Pro Carbon near the seat post. Is it safe to ride?,SAFETY,P1,Summit Pro Carbon
T100220,web,,My name is [NAME] [NAME]. Is it ok to ride the CityGlide E2 in the rain? My email is [EMAIL].,GENERAL,P4,CityGlide E2
T100017,email,Refund request,The Summit Carbon isn't what I expected. Can I get a refund? You can call me at [PHONE].,RETURN,P3,Summit Pro Carbon
T100490,email,Safety problem,The handlebar on my summit pro came loose mid-ride and I almost crashed. You can call me at [PHONE].,SAFETY,P1,Summit Pro Carbon
T100052,email,Exchange,How do I send back the Trail Blazer 29? Changed my mind. You can call me at [PHONE].,RETURN,P3,Trailblazer 29
T100051,email,Exchange,"I want to return my kids bike 16, it's too big for me. Order [ORDER_ID].",RETURN,P3,KidRider 16
T100178,chat,Warranty question,My City Glide is 8 months old and the gears keep slipping. Is this covered?,WARRANTY,P2,CityGlide E2
T100101,web,Exchange,"My name is [NAME] [NAME]. Please start a return for the trailblazer29, it doesn't fit in my apartment.",RETURN,P3,Trailblazer 29
T100276,email,Broken part,"The kickstand bolt on my UrbanFold Mini sheared off, bike is less than a year old.",WARRANTY,P2,UrbanFold Mini
T100419,email,,I found a crack in the frame of my Trailblazer 29er near the seat post. Is it safe to ride?,SAFETY,P1,Trailblazer 29
T100436,email,Question,Can I put a child seat on my Summit Carbon? Order [ORDER_ID]. You can call me at [PHONE].,GENERAL,P4,Summit Pro Carbon
T100472,email,,"My son's UrbanFold has a cracked fork, he was riding it yesterday!",SAFETY,P1,UrbanFold Mini
T100042,web,Help,"My son's urban fold mini has a cracked fork, he was riding it yesterday! Order [ORDER_ID].",SAFETY,P1,UrbanFold Mini
T100206,email,Return,"I want to return my summit pro, it's too big for me.",RETURN,P3,Summit Pro Carbon
T100047,chat,Return,"Bought the bike as a gift but they already have one, how do returns work? Order [ORDER_ID].",RETURN,P3,UNKNOWN
T100347,email,Defect,My kid rider 16 is 8 months old and the gears keep slipping. Is this covered?,WARRANTY,P2,KidRider 16
T100399,chat,,What tire pressure should I run on my folding mini? Order [ORDER_ID].,GENERAL,P4,UrbanFold Mini
T100454,email,Accessories,What's the max rider weight for the CityGlide?,GENERAL,P4,CityGlide E2
T100301,web,,"My name is [NAME] [NAME]. The kickstand bolt on my trailblazer29 sheared off, bike is less than a year old.",WARRANTY,P2,Trailblazer 29
T100092,web,Shipping,Can you tell me when my CityGlide E2 order will ship? Order [ORDER_ID].,ORDER_STATUS,P3,CityGlide E2
T900532,web,Order update?,My name is [NAME] [NAME]. Tracking for my KidRider hasn't updated in 4 days.,GENERAL,P4,KidRider 16
T100338,web,Refund request,I'd like to exchange my urban fold mini for a smaller size. Order [ORDER_ID].,RETURN,P3,UrbanFold Mini
T100265,chat,,"Paint on my KidRider is peeling after only 3 months, can I get it fixed under warranty? Order [ORDER_ID].",WARRANTY,P2,KidRider 16
T100083,web,Quick question,My name is [NAME] [NAME]. What's the max rider weight for the summit pro? My email is [EMAIL].,GENERAL,P4,Summit Pro Carbon
T100060,email,Exchange,"I want to return my City Glide, it's too big for me. You can call me at [PHONE].",RETURN,P3,CityGlide E2
T100066,web,Help,"Front brake on the summit pro feels like it's not grabbing at all, really scary.",SAFETY,P1,Summit Pro Carbon
T100152,email,Exchange,"Bought the trailblazer29 as a gift but they already have one, how do returns work? Order [ORDER_ID].",RETURN,P3,Trailblazer 29
T100278,email,,The bike isn't what I expected. Can I get a refund? You can call me at [PHONE].,RETURN,P3,UNKNOWN
T100109,chat,Help,The battery on my trailblazer29 got really hot and started smoking in the garage.,SAFETY,P1,Trailblazer 29
T100496,chat,Safety problem,The handlebar on my Summit Carbon came loose mid-ride and I almost crashed.,SAFETY,P1,Summit Pro Carbon
T100449,web,,"Bought the City Glide as a gift but they already have one, how do returns work? Order [ORDER_ID]. My email is [EMAIL].",RETURN,P3,CityGlide E2
T100445,email,Brakes!!,The handlebar on my CityGlide E2 came loose mid-ride and I almost crashed. You can call me at [PHONE].,SAFETY,P1,CityGlide E2
T100233,chat,,"Rear derailleur on the City Glide is bent out of the box basically, 5 months old. Order [ORDER_ID].",WARRANTY,P2,CityGlide E2
T100498,email,,My folding mini is 8 months old and the gears keep slipping. Is this covered? You can call me at [PHONE].,WARRANTY,P2,UrbanFold Mini
T100507,email,,"The kickstand bolt on my Summit Pro Carbon sheared off, bike is less than a year old. You can call me at [PHONE].",WARRANTY,P2,Summit Pro Carbon
T100019,web,Quick question,Is it ok to ride the UrbanFold in the rain?,GENERAL,P4,UrbanFold Mini
T100351,email,,"Paint on my KidRider 16 is peeling after only 3 months, can I get it fixed under warranty? You can call me at [PHONE].",WARRANTY,P2,KidRider 16
T100073,web,Quick question,Can I put a child seat on my Trailblazer 29er? My email is [EMAIL].,GENERAL,P4,Trailblazer 29
T100463,web,,Chain on my Trailblazer 29er snapped after two weeks of normal commuting. Order [ORDER_ID].,WARRANTY,P2,Trailblazer 29
T100218,email,Defect,Chain on my folding mini snapped after two weeks of normal commuting.,WARRANTY,P2,UrbanFold Mini
T100482,web,Exchange,"Bought the KidRider 16 as a gift but they already have one, how do returns work?",RETURN,P3,KidRider 16
T100038,web,Warranty question,My name is [NAME] [NAME]. Chain on my folding mini snapped after two weeks of normal commuting.,WARRANTY,P2,UrbanFold Mini
T100026,chat,Safety problem,The brakes on my UrbanFold stopped working while I was going downhill.,SAFETY,P1,UrbanFold Mini
T100289,web,Where is my order,Got a delivery notification for the folding mini but nothing showed up at my door.,ORDER_STATUS,P3,UrbanFold Mini
T100271,web,,I'd like to exchange my Summit Pro Carbon for a smaller size.,RETURN,P3,Summit Pro Carbon
T100303,chat,Refund request,"Bought the bike as a gift but they already have one, how do returns work?",RETURN,P3,UNKNOWN
T100180,email,,Can you tell me when my Summit Pro Carbon order will ship?,ORDER_STATUS,P3,Summit Pro Carbon
T100078,chat,Defect,My CityGlide E2 is 8 months old and the gears keep slipping. Is this covered?,WARRANTY,P2,CityGlide E2
T100054,email,Safety problem,"Front brake on the trailblazer29 feels like it's not grabbing at all, really scary. Order [ORDER_ID].",SAFETY,P1,Trailblazer 29
T100245,email,Quick question,What's the max rider weight for the bike?,GENERAL,P4,UNKNOWN
T100280,web,Order update?,My name is [NAME] [NAME]. Where is my KidRider? I ordered it 10 days ago and haven't heard anything. Order [ORDER_ID]. My email is [EMAIL].,ORDER_STATUS,P3,KidRider 16
T100343,web,,I'd like to exchange my UrbanFold Mini for a smaller size. Order [ORDER_ID]. My email is [EMAIL].,RETURN,P3,UrbanFold Mini
T100293,email,Shipping,"Ordered a KidRider 16 for my daughter's birthday, is it going to arrive by Friday? Order [ORDER_ID].",ORDER_STATUS,P3,KidRider 16
T100024,email,URGENT,The battery on my summit pro got really hot and started smoking in the garage.,SAFETY,P1,Summit Pro Carbon
T900530,email,Where is my order,"My folding mini order says processing for a week now, what's going on?",ORDER_STATUS,P3,UrbanFold Mini
T100353,email,,Do you sell a rear rack that fits the Summit Carbon?,GENERAL,P4,Summit Pro Carbon
T100226,chat,Refund request,"I want to return my city glide e2, it's too big for me.",RETURN,P3,CityGlide E2
T100494,email,Refund request,"Please start a return for the folding mini, it doesn't fit in my apartment.",RETURN,P3,UrbanFold Mini
T100471,email,,The motor on my TB-29 makes a grinding noise. It's still under warranty I think. You can call me at [PHONE].,WARRANTY,P2,Trailblazer 29
T100359,email,Help,The brakes on my Summit Carbon stopped working while I was going downhill.,SAFETY,P1,Summit Pro Carbon
T100130,email,URGENT,"Front brake on the E2 ebike feels like it's not grabbing at all, really scary. Order [ORDER_ID]. You can call me at [PHONE].",SAFETY,P1,CityGlide E2
T100467,chat,Quick question,What tire pressure should I run on my kid rider 16?,GENERAL,P4,KidRider 16
T100497,email,Safety problem,The handlebar on my City Glide came loose mid-ride and I almost crashed. Order [ORDER_ID]. You can call me at [PHONE].,SAFETY,P1,CityGlide E2
T100323,email,Accessories,Can I put a child seat on my Trailblazer 29?,GENERAL,P4,Trailblazer 29
T100270,email,Order update?,"My Trailblazer 29er order says processing for a week now, what's going on? Order [ORDER_ID]. You can call me at [PHONE].",ORDER_STATUS,P3,Trailblazer 29
T100112,email,Defect,"The kickstand bolt on my E2 ebike sheared off, bike is less than a year old.",WARRANTY,P2,CityGlide E2
T100128,web,,Do you sell a rear rack that fits the bike?,GENERAL,P4,UNKNOWN
T100143,web,,"My son's Trailblazer 29 has a cracked fork, he was riding it yesterday!",SAFETY,P1,Trailblazer 29
T100475,web,,I found a crack in the frame of my kid rider 16 near the seat post. Is it safe to ride? My email is [EMAIL].,SAFETY,P1,KidRider 16
T100485,email,URGENT,I found a crack in the frame of my Summit Pro Carbon near the seat post. Is it safe to ride?,SAFETY,P1,Summit Pro Carbon
T100252,email,Exchange,"I want to return my folding mini, it's too big for me. Order [ORDER_ID].",RETURN,P3,UrbanFold Mini
T100136,web,,"My son's summit pro has a cracked fork, he was riding it yesterday! My email is [EMAIL].",SAFETY,P1,Summit Pro Carbon
T100433,web,Defect,The motor on my CityGlide E2 makes a grinding noise. It's still under warranty I think. Order [ORDER_ID].,WARRANTY,P2,CityGlide E2
T100192,chat,Help,"Front brake on the Summit Pro Carbon feels like it's not grabbing at all, really scary.",SAFETY,P1,Summit Pro Carbon
T100358,email,,"Rear derailleur on the kid rider 16 is bent out of the box basically, 5 months old. You can call me at [PHONE].",WARRANTY,P2,KidRider 16
T100488,web,Accessories,My name is [NAME] [NAME]. Is it ok to ride the CityGlide E2 in the rain?,GENERAL,P4,CityGlide E2
T100421,email,Exchange,"I want to return my Trail Blazer 29, it's too big for me.",RETURN,P3,Trailblazer 29
T100129,email,Exchange,How do I send back the CityGlide? Changed my mind. Order [ORDER_ID]. You can call me at [PHONE].,RETURN,P3,CityGlide E2
T100084,web,URGENT,"My name is [NAME] [NAME]. My son's Summit Carbon has a cracked fork, he was riding it yesterday! Order [ORDER_ID].",SAFETY,P1,Summit Pro Carbon
T100492,email,Warranty question,My folding mini is 8 months old and the gears keep slipping. Is this covered? Order [ORDER_ID]. You can call me at [PHONE].,WARRANTY,P2,UrbanFold Mini
T100161,chat,Help,The battery on my E2 ebike got really hot and started smoking in the garage.,SAFETY,P1,CityGlide E2
T900533,chat,Quick question,What's the max rider weight for the trailblazer29?,GENERAL,P4,Trailblazer 29
T100217,web,Refund request,"Bought the folding mini as a gift but they already have one, how do returns work? My email is [EMAIL].",RETURN,P3,UrbanFold Mini
T100104,email,Exchange,I'd like to exchange my Summit Pro Carbon for a smaller size. Order [ORDER_ID]. You can call me at [PHONE].,RETURN,P3,Summit Pro Carbon
T100064,email,Refund request,"I want to return my kids bike 16, it's too big for me. You can call me at [PHONE].",RETURN,P3,KidRider 16
T100000,email,Brakes!!,The brakes on my summit pro stopped working while I was going downhill. Order [ORDER_ID].,SAFETY,P1,Summit Pro Carbon
T100238,chat,,Is it ok to ride the Summit Pro Carbon in the rain?,GENERAL,P4,Summit Pro Carbon
T100305,email,Return,The CityGlide E2 isn't what I expected. Can I get a refund?,RETURN,P3,CityGlide E2
T100313,email,URGENT,The battery on my TB-29 got really hot and started smoking in the garage.,SAFETY,P1,Trailblazer 29
T100164,chat,Return,"Bought the Trailblazer 29er as a gift but they already have one, how do returns work?",RETURN,P3,Trailblazer 29
T100184,email,Defect,"Rear derailleur on the CityGlide is bent out of the box basically, 5 months old. Order [ORDER_ID].",WARRANTY,P2,CityGlide E2
T100110,email,,"The kickstand bolt on my KidRider 16 sheared off, bike is less than a year old. Order [ORDER_ID]. You can call me at [PHONE].",WARRANTY,P2,KidRider 16
T100002,email,Exchange,"Bought the Summit Pro Carbon as a gift but they already have one, how do returns work? You can call me at [PHONE].",RETURN,P3,Summit Pro Carbon
T100393,web,Quick question,Do you sell a rear rack that fits the TB-29?,GENERAL,P4,Trailblazer 29
T100357,web,Accessories,What's the max rider weight for the kid rider 16?,GENERAL,P4,KidRider 16
T100055,web,Help,The brakes on my TB-29 stopped working while I was going downhill.,SAFETY,P1,Trailblazer 29
T100319,email,Refund request,The E2 ebike isn't what I expected. Can I get a refund? Order [ORDER_ID].,GENERAL,P4,CityGlide E2
T100258,web,,"My name is [NAME] [NAME]. I want to return my TB-29, it's too big for me. My email is [EMAIL].",GENERAL,P4,Trailblazer 29
T100396,web,Shipping,My name is [NAME] [NAME]. Where is my CityGlide? I ordered it 10 days ago and haven't heard anything.,GENERAL,P4,CityGlide E2
T100205,email,,"Paint on my E2 ebike is peeling after only 3 months, can I get it fixed under warranty? You can call me at [PHONE].",WARRANTY,P2,CityGlide E2
T100121,web,Exchange,My name is [NAME] [NAME]. I'd like to exchange my urban fold mini for a smaller size. My email is [EMAIL].,RETURN,P3,UrbanFold Mini
T100021,email,Broken part,"Rear derailleur on the kid rider 16 is bent out of the box basically, 5 months old.",WARRANTY,P2,KidRider 16
T100262,email,Accessories,Is it ok to ride the bike in the rain? Order [ORDER_ID].,GENERAL,P4,UNKNOWN
T900522,web,Where is my order,Where is my CityGlide? I ordered it 10 days ago and haven't heard anything. My email is [EMAIL].,ORDER_STATUS,P3,CityGlide E2
T100202,web,Order update?,"Ordered a folding mini for my daughter's birthday, is it going to arrive by Friday?",ORDER_STATUS,P3,UrbanFold Mini
T100324,email,Quick question,Do you sell a rear rack that fits the folding mini?,GENERAL,P4,UrbanFold Mini
T100389,email,Question,What tire pressure should I run on my urban fold mini? Order [ORDER_ID]. You can call me at [PHONE].,GENERAL,P4,UrbanFold Mini
T100200,email,,Can you tell me when my summit pro order will ship? Order [ORDER_ID].,ORDER_STATUS,P3,Summit Pro Carbon
T100137,email,Where is my order,"Ordered a CityGlide for my daughter's birthday, is it going to arrive by Friday? Order [ORDER_ID]. You can call me at [PHONE].",ORDER_STATUS,P3,CityGlide E2
T100025,email,Exchange,How do I send back the Trailblazer 29? Changed my mind.,RETURN,P3,Trailblazer 29
T100118,email,Warranty question,My Trailblazer 29 is 8 months old and the gears keep slipping. Is this covered? Order [ORDER_ID].,WARRANTY,P2,Trailblazer 29
T100439,web,,My name is [NAME] [NAME]. Can you tell me when my E2 ebike order will ship? My email is [EMAIL].,ORDER_STATUS,P3,CityGlide E2
T100148,web,,"My KidRider order says processing for a week now, what's going on?",ORDER_STATUS,P3,KidRider 16
T100242,email,Return,"Please start a return for the kids bike 16, it doesn't fit in my apartment.",RETURN,P3,KidRider 16
T100437,web,Quick question,What's the max rider weight for the summit pro?,GENERAL,P4,Summit Pro Carbon
T100368,email,Quick question,What's the max rider weight for the kid rider 16? You can call me at [PHONE].,GENERAL,P4,KidRider 16
T100085,chat,Safety problem,The battery on my CityGlide got really hot and started smoking in the garage. Order [ORDER_ID].,SAFETY,P1,CityGlide E2
T100190,chat,Where is my order,Where is my Trailblazer 29er? I ordered it 10 days ago and haven't heard anything.,ORDER_STATUS,P3,Trailblazer 29
T100141,email,,Where is my City Glide? I ordered it 10 days ago and haven't heard anything. Order [ORDER_ID].,ORDER_STATUS,P3,CityGlide E2
T100068,email,,"Please start a return for the KidRider 16, it doesn't fit in my apartment.",RETURN,P3,KidRider 16
T100453,chat,,Chain on my E2 ebike snapped after two weeks of normal commuting.,WARRANTY,P2,CityGlide E2
T100469,web,Defect,Chain on my summit pro snapped after two weeks of normal commuting. My email is [EMAIL].,WARRANTY,P2,Summit Pro Carbon
T100465,email,,Can I put a child seat on my UrbanFold? Order [ORDER_ID]. You can call me at [PHONE].,GENERAL,P4,UrbanFold Mini
T100239,email,Shipping,"My Trail Blazer 29 order says processing for a week now, what's going on? Order [ORDER_ID]. You can call me at [PHONE].",ORDER_STATUS,P3,Trailblazer 29
T100509,email,Safety problem,The brakes on my Trailblazer 29er stopped working while I was going downhill.,SAFETY,P1,Trailblazer 29
T100329,web,Exchange,I'd like to exchange my TB-29 for a smaller size.,RETURN,P3,Trailblazer 29
T100263,chat,Defect,"The kickstand bolt on my UrbanFold Mini sheared off, bike is less than a year old. Order [ORDER_ID].",WARRANTY,P2,UrbanFold Mini
T100062,email,Return,I'd like to exchange my CityGlide for a smaller size.,RETURN,P3,CityGlide E2
T100145,web,,Can you tell me when my trailblazer29 order will ship?,ORDER_STATUS,P3,Trailblazer 29
T100228,web,Help,My name is [NAME] [NAME]. The handlebar on my E2 ebike came loose mid-ride and I almost crashed. My email is [EMAIL].,SAFETY,P1,CityGlide E2
T100028,web,Order update?,"My name is [NAME] [NAME]. My urban fold mini order says processing for a week now, what's going on?",ORDER_STATUS,P3,UrbanFold Mini
T100040,email,,The Trailblazer 29 isn't what I expected. Can I get a refund?,RETURN,P3,Trailblazer 29
T100138,email,URGENT,The handlebar on my Summit Pro Carbon came loose mid-ride and I almost crashed. You can call me at [PHONE].,SAFETY,P1,Summit Pro Carbon
T100034,email,,How often should I get my folding mini serviced? Order [ORDER_ID].,GENERAL,P4,UrbanFold Mini
T100259,email,,"Ordered a bike for my daughter's birthday, is it going to arrive by Friday? Order [ORDER_ID].",ORDER_STATUS,P3,UNKNOWN
T100376,web,Question,Can I put a child seat on my KidRider?,GENERAL,P4,KidRider 16
T100302,chat,Broken part,"The kickstand bolt on my folding mini sheared off, bike is less than a year old. Order [ORDER_ID].",WARRANTY,P2,UrbanFold Mini
T100103,email,Refund request,I'd like to exchange my KidRider for a smaller size. Order [ORDER_ID].,RETURN,P3,KidRider 16
T100315,email,Accessories,Do you sell a rear rack that fits the KidRider 16? Order [ORDER_ID].,GENERAL,P4,KidRider 16
T100337,email,,My bike is 8 months old and the gears keep slipping. Is this covered?,WARRANTY,P2,UNKNOWN
T100426,web,Exchange,"I want to return my kid rider 16, it's too big for me. My email is [EMAIL].",GENERAL,P4,KidRider 16
T100255,chat,Quick question,Can I put a child seat on my CityGlide E2?,GENERAL,P4,CityGlide E2
T100100,email,,I found a crack in the frame of my Trailblazer 29 near the seat post. Is it safe to ride? Order [ORDER_ID].,SAFETY,P1,Trailblazer 29
T100392,web,,"Ordered a kid rider 16 for my daughter's birthday, is it going to arrive by Friday? Order [ORDER_ID].",ORDER_STATUS,P3,KidRider 16
T100076,email,Question,What tire pressure should I run on my bike? Order [ORDER_ID]. You can call me at [PHONE].,GENERAL,P4,UNKNOWN
T100476,web,,"Ordered a Summit Pro Carbon for my daughter's birthday, is it going to arrive by Friday? My email is [EMAIL].",ORDER_STATUS,P3,Summit Pro Carbon
T100429,web,Safety problem,"Front brake on the Trailblazer 29er feels like it's not grabbing at all, really scary. Order [ORDER_ID].",SAFETY,P1,Trailblazer 29
T100115,web,URGENT,I found a crack in the frame of my CityGlide near the seat post. Is it safe to ride?,SAFETY,P1,CityGlide E2
T100345,web,Quick question,How often should I get my KidRider serviced? My email is [EMAIL].,GENERAL,P4,KidRider 16
T100431,web,Exchange,"My name is [NAME] [NAME]. Please start a return for the E2 ebike, it doesn't fit in my apartment. Order [ORDER_ID].",RETURN,P3,CityGlide E2
T100194,web,,"My name is [NAME] [NAME]. The kickstand bolt on my city glide e2 sheared off, bike is less than a year old. My email is [EMAIL].",WARRANTY,P2,CityGlide E2
T100438,email,,Got a delivery notification for the Summit Pro Carbon but nothing showed up at my door.,ORDER_STATUS,P3,Summit Pro Carbon
T100012,chat,Order update?,Where is my CityGlide E2? I ordered it 10 days ago and haven't heard anything.,ORDER_STATUS,P3,CityGlide E2
T100248,email,Accessories,What's the max rider weight for the Trailblazer 29er?,GENERAL,P4,Trailblazer 29
T100193,email,Exchange,The kid rider 16 isn't what I expected. Can I get a refund?,RETURN,P3,KidRider 16
T100191,email,Defect,Chain on my UrbanFold snapped after two weeks of normal commuting.,WARRANTY,P2,UrbanFold Mini
T100160,chat,,My Summit Pro Carbon is 8 months old and the gears keep slipping. Is this covered?,WARRANTY,P2,Summit Pro Carbon
T100417,chat,,"Bought the City Glide as a gift but they already have one, how do returns work?",RETURN,P3,CityGlide E2
T100176,email,Shipping,Where is my Trailblazer 29er? I ordered it 10 days ago and haven't heard anything. You can call me at [PHONE].,ORDER_STATUS,P3,Trailblazer 29
T100087,email,Broken part,Chain on my Trail Blazer 29 snapped after two weeks of normal commuting. You can call me at [PHONE].,WARRANTY,P2,Trailblazer 29
T100207,web,Safety problem,"My son's UrbanFold Mini has a cracked fork, he was riding it yesterday! My email is [EMAIL].",SAFETY,P1,UrbanFold Mini
T100264,chat,Warranty question,The motor on my kids bike 16 makes a grinding noise. It's still under warranty I think.,WARRANTY,P2,KidRider 16
T100260,email,,What's the max rider weight for the kids bike 16? Order [ORDER_ID].,GENERAL,P4,KidRider 16
T100377,chat,Warranty question,"Paint on my E2 ebike is peeling after only 3 months, can I get it fixed under warranty?",WARRANTY,P2,CityGlide E2
T100340,web,,My name is [NAME] [NAME]. Is it ok to ride the City Glide in the rain? Order [ORDER_ID].,GENERAL,P4,CityGlide E2
T100006,chat,Defect,"Rear derailleur on the city glide e2 is bent out of the box basically, 5 months old.",WARRANTY,P2,CityGlide E2
T100299,chat,Where is my order,Tracking for my trailblazer29 hasn't updated in 4 days. Order [ORDER_ID].,ORDER_STATUS,P3,Trailblazer 29
T100155,web,Return,"I want to return my trailblazer29, it's too big for me. My email is [EMAIL].",RETURN,P3,Trailblazer 29
T100516,chat,Question,Is it ok to ride the summit pro in the rain?,GENERAL,P4,Summit Pro Carbon
T100116,email,Order update?,Where is my KidRider? I ordered it 10 days ago and haven't heard anything.,ORDER_STATUS,P3,KidRider 16
T100131,email,,My CityGlide is 8 months old and the gears keep slipping. Is this covered? Order [ORDER_ID].,WARRANTY,P2,CityGlide E2
T100486,chat,Question,Is it ok to ride the kids bike 16 in the rain? Order [ORDER_ID].,GENERAL,P4,KidRider 16
T100326,chat,Quick question,Is it ok to ride the CityGlide in the rain? Order [ORDER_ID].,GENERAL,P4,CityGlide E2
T100080,web,Accessories,What's the max rider weight for the City Glide? My email is [EMAIL].,GENERAL,P4,CityGlide E2
T100079,email,,The folding mini isn't what I expected. Can I get a refund?,RETURN,P3,UrbanFold Mini
T100432,chat,,"My bike order says processing for a week now, what's going on?",ORDER_STATUS,P3,UNKNOWN
T100243,email,,What tire pressure should I run on my kids bike 16?,GENERAL,P4,KidRider 16
T100339,web,Shipping,Where is my Trail Blazer 29? I ordered it 10 days ago and haven't heard anything.,ORDER_STATUS,P3,Trailblazer 29
T100414,email,Quick question,What tire pressure should I run on my city glide e2? Order [ORDER_ID]. You can call me at [PHONE].,GENERAL,P4,CityGlide E2
T100157,email,,Chain on my trailblazer29 snapped after two weeks of normal commuting. You can call me at [PHONE].,WARRANTY,P2,Trailblazer 29
T100381,email,Refund request,I'd like to exchange my trailblazer29 for a smaller size.,RETURN,P3,Trailblazer 29
T100288,web,,My name is [NAME] [NAME]. I'd like to exchange my summit pro for a smaller size. My email is [EMAIL].,RETURN,P3,Summit Pro Carbon
T100456,web,Safety problem,"My son's Summit Carbon has a cracked fork, he was riding it yesterday!",SAFETY,P1,Summit Pro Carbon
T100013,email,Order update?,"Ordered a bike for my daughter's birthday, is it going to arrive by Friday? Order [ORDER_ID]. You can call me at [PHONE].",ORDER_STATUS,P3,UNKNOWN
T100267,email,Warranty question,Chain on my bike snapped after two weeks of normal commuting.,WARRANTY,P2,UNKNOWN
T100071,email,Broken part,"Rear derailleur on the KidRider is bent out of the box basically, 5 months old. You can call me at [PHONE].",WARRANTY,P2,KidRider 16
T100018,web,Help,"My son's UrbanFold Mini has a cracked fork, he was riding it yesterday!",SAFETY,P1,UrbanFold Mini
T100304,email,Where is my order,"My summit pro order says processing for a week now, what's going on?",ORDER_STATUS,P3,Summit Pro Carbon
T100140,email,,How do I send back the folding mini? Changed my mind. Order [ORDER_ID].,RETURN,P3,UrbanFold Mini
T100327,chat,Question,Can I put a child seat on my kids bike 16?,GENERAL,P4,KidRider 16
T100132,web,Help,The brakes on my kid rider 16 stopped working while I was going downhill.,SAFETY,P1,KidRider 16
T100412,chat,Where is my order,Where is my UrbanFold Mini? I ordered it 10 days ago and haven't heard anything.,ORDER_STATUS,P3,UrbanFold Mini
T100506,email,Accessories,What's the max rider weight for the KidRider 16? You can call me at [PHONE].,GENERAL,P4,KidRider 16
T100151,email,Broken part,"Paint on my Summit Carbon is peeling after only 3 months, can I get it fixed under warranty? Order [ORDER_ID].",WARRANTY,P2,Summit Pro Carbon
T100175,email,,"Rear derailleur on the KidRider 16 is bent out of the box basically, 5 months old. You can call me at [PHONE].",WARRANTY,P2,KidRider 16
T100395,email,,The motor on my summit pro makes a grinding noise. It's still under warranty I think.,WARRANTY,P2,Summit Pro Carbon
T900524,chat,,Can I put a child seat on my urban fold mini? Order [ORDER_ID].,GENERAL,P4,UrbanFold Mini
T100251,web,Safety problem,"My son's Summit Pro Carbon has a cracked fork, he was riding it yesterday! My email is [EMAIL].",SAFETY,P1,Summit Pro Carbon
T100037,web,Broken part,"Rear derailleur on the UrbanFold is bent out of the box basically, 5 months old. Order [ORDER_ID].",WARRANTY,P2,UrbanFold Mini
T100416,web,Safety problem,The handlebar on my Summit Pro Carbon came loose mid-ride and I almost crashed.,SAFETY,P1,Summit Pro Carbon
T100168,email,Defect,The motor on my TB-29 makes a grinding noise. It's still under warranty I think.,WARRANTY,P2,Trailblazer 29
T100107,web,Quick question,What's the max rider weight for the UrbanFold Mini?,GENERAL,P4,UrbanFold Mini
T100247,email,Exchange,"Please start a return for the urban fold mini, it doesn't fit in my apartment. You can call me at [PHONE].",RETURN,P3,UrbanFold Mini
T100124,web,Where is my order,"My Trailblazer 29er order says processing for a week now, what's going on? Order [ORDER_ID]. My email is [EMAIL].",ORDER_STATUS,P3,Trailblazer 29
T100072,web,,Got a delivery notification for the Summit Pro Carbon but nothing showed up at my door. Order [ORDER_ID].,ORDER_STATUS,P3,Summit Pro Carbon
T100211,web,Safety problem,"My son's Trailblazer 29er has a cracked fork, he was riding it yesterday!",SAFETY,P1,Trailblazer 29
T100187,chat,Safety problem,The handlebar on my UrbanFold came loose mid-ride and I almost crashed.,SAFETY,P1,UrbanFold Mini
T100086,web,Safety problem,The battery on my KidRider 16 got really hot and started smoking in the garage. Order [ORDER_ID].,SAFETY,P1,KidRider 16
T100057,web,Broken part,"Rear derailleur on the City Glide is bent out of the box basically, 5 months old.",WARRANTY,P2,CityGlide E2
T100074,web,Where is my order,"Ordered a UrbanFold for my daughter's birthday, is it going to arrive by Friday? My email is [EMAIL].",ORDER_STATUS,P3,UrbanFold Mini
T100063,email,,"Ordered a kids bike 16 for my daughter's birthday, is it going to arrive by Friday?",ORDER_STATUS,P3,KidRider 16
T100219,chat,,"Paint on my City Glide is peeling after only 3 months, can I get it fixed under warranty?",WARRANTY,P2,CityGlide E2
T100225,web,URGENT,The brakes on my Summit Pro Carbon stopped working while I was going downhill. Order [ORDER_ID].,SAFETY,P1,Summit Pro Carbon
T100501,email,Order update?,Tracking for my UrbanFold hasn't updated in 4 days.,ORDER_STATUS,P3,UrbanFold Mini
T100391,web,Defect,"Rear derailleur on the city glide e2 is bent out of the box basically, 5 months old. My email is [EMAIL].",WARRANTY,P2,CityGlide E2
T100499,web,Question,How often should I get my E2 ebike serviced? My email is [EMAIL].,GENERAL,P4,CityGlide E2
T100186,email,Help,"My son's City Glide has a cracked fork, he was riding it yesterday! You can call me at [PHONE].",SAFETY,P1,CityGlide E2
T100246,web,,"My name is [NAME] [NAME]. Rear derailleur on the UrbanFold Mini is bent out of the box basically, 5 months old. Order [ORDER_ID].",WARRANTY,P2,UrbanFold Mini
T100224,chat,Broken part,"Rear derailleur on the urban fold mini is bent out of the box basically, 5 months old.",WARRANTY,P2,UrbanFold Mini
T100365,email,URGENT,I found a crack in the frame of my CityGlide E2 near the seat post. Is it safe to ride?,SAFETY,P1,CityGlide E2
T100331,web,,"Please start a return for the urban fold mini, it doesn't fit in my apartment. My email is [EMAIL].",RETURN,P3,UrbanFold Mini
T100310,email,Accessories,Is it ok to ride the City Glide in the rain? Order [ORDER_ID]. You can call me at [PHONE].,GENERAL,P4,CityGlide E2
T100394,chat,Warranty question,"Rear derailleur on the UrbanFold is bent out of the box basically, 5 months old. Order [ORDER_ID].",WARRANTY,P2,UrbanFold Mini
T100366,email,Shipping,"My trailblazer29 order says processing for a week now, what's going on?",ORDER_STATUS,P3,Trailblazer 29
T100213,web,Accessories,What tire pressure should I run on my E2 ebike? Order [ORDER_ID].,GENERAL,P4,CityGlide E2
T100036,web,Quick question,Is it ok to ride the CityGlide E2 in the rain? My email is [EMAIL].,GENERAL,P4,CityGlide E2
T100197,chat,Accessories,Do you sell a rear rack that fits the kids bike 16?,GENERAL,P4,KidRider 16
T100266,email,Refund request,The city glide e2 isn't what I expected. Can I get a refund? Order [ORDER_ID]. You can call me at [PHONE].,RETURN,P3,CityGlide E2
T100208,email,,The motor on my Summit Pro Carbon makes a grinding noise. It's still under warranty I think. You can call me at [PHONE].,WARRANTY,P2,Summit Pro Carbon
T100489,email,,I'd like to exchange my KidRider for a smaller size. You can call me at [PHONE].,RETURN,P3,KidRider 16
T100383,web,Broken part,"The kickstand bolt on my KidRider 16 sheared off, bike is less than a year old.",WARRANTY,P2,KidRider 16
T100003,web,Question,What's the max rider weight for the Summit Carbon?,GENERAL,P4,Summit Pro Carbon
T100035,email,,I'd like to exchange my Trailblazer 29er for a smaller size.,RETURN,P3,Trailblazer 29
T900523,email,Accessories,How often should I get my UrbanFold serviced?,GENERAL,P4,UrbanFold Mini
T100081,web,URGENT,"My name is [NAME] [NAME]. Front brake on the urban fold mini feels like it's not grabbing at all, really scary.",SAFETY,P1,UrbanFold Mini
T100169,chat,Where is my order,"My E2 ebike order says processing for a week now, what's going on?",ORDER_STATUS,P3,CityGlide E2
T100056,email,Shipping,Where is my City Glide? I ordered it 10 days ago and haven't heard anything. You can call me at [PHONE].,ORDER_STATUS,P3,CityGlide E2
T100328,email,Brakes!!,"Front brake on the CityGlide E2 feels like it's not grabbing at all, really scary. Order [ORDER_ID]. You can call me at [PHONE].",SAFETY,P1,CityGlide E2
T100256,email,URGENT,I found a crack in the frame of my bike near the seat post. Is it safe to ride? You can call me at [PHONE].,SAFETY,P1,UNKNOWN
T100427,email,Return,"Please start a return for the bike, it doesn't fit in my apartment.",RETURN,P3,UNKNOWN
T100500,chat,,How do I send back the Summit Carbon? Changed my mind. Order [ORDER_ID].,RETURN,P3,Summit Pro Carbon
T100407,email,Quick question,What tire pressure should I run on my kids bike 16? You can call me at [PHONE].,GENERAL,P4,KidRider 16
T100123,chat,Exchange,"Please start a return for the urban fold mini, it doesn't fit in my apartment. Order [ORDER_ID].",RETURN,P3,UrbanFold Mini
T100308,web,,"Rear derailleur on the Trailblazer 29er is bent out of the box basically, 5 months old.",WARRANTY,P2,Trailblazer 29
T100458,web,Accessories,Can I put a child seat on my Summit Carbon? Order [ORDER_ID].,GENERAL,P4,Summit Pro Carbon
T100125,web,URGENT,"My name is [NAME] [NAME]. Front brake on the Trailblazer 29 feels like it's not grabbing at all, really scary.",SAFETY,P1,Trailblazer 29
T100235,email,Help,"Front brake on the Summit Carbon feels like it's not grabbing at all, really scary. You can call me at [PHONE].",SAFETY,P1,Summit Pro Carbon
T100236,email,Where is my order,Can you tell me when my KidRider 16 order will ship? You can call me at [PHONE].,ORDER_STATUS,P3,KidRider 16
T100295,email,Warranty question,The motor on my CityGlide makes a grinding noise. It's still under warranty I think.,WARRANTY,P2,CityGlide E2
T100105,chat,Refund request,The Summit Pro Carbon isn't what I expected. Can I get a refund?,RETURN,P3,Summit Pro Carbon
T100150,web,Where is my order,Got a delivery notification for the Summit Carbon but nothing showed up at my door.,ORDER_STATUS,P3,Summit Pro Carbon
T100067,chat,Broken part,"Rear derailleur on the bike is bent out of the box basically, 5 months old. Order [ORDER_ID].",WARRANTY,P2,UNKNOWN
T100165,chat,Where is my order,Tracking for my bike hasn't updated in 4 days.,ORDER_STATUS,P3,UNKNOWN
T100102,email,Exchange,How do I send back the KidRider? Changed my mind.,RETURN,P3,KidRider 16
T100459,web,Help,"Front brake on the KidRider 16 feels like it's not grabbing at all, really scary.",SAFETY,P1,KidRider 16
T100122,email,Refund request,"I want to return my KidRider, it's too big for me.",RETURN,P3,KidRider 16
T100370,web,Shipping,Got a delivery notification for the urban fold mini but nothing showed up at my door. Order [ORDER_ID].,ORDER_STATUS,P3,UrbanFold Mini
T100188,web,Safety problem,I found a crack in the frame of my UrbanFold Mini near the seat post. Is it safe to ride? My email is [EMAIL].,SAFETY,P1,UrbanFold Mini
T100234,web,Refund request,"Please start a return for the CityGlide E2, it doesn't fit in my apartment.",RETURN,P3,CityGlide E2
T100082,email,,The City Glide isn't what I expected. Can I get a refund? You can call me at [PHONE].,RETURN,P3,CityGlide E2
T100435,email,,What's the max rider weight for the UrbanFold Mini? You can call me at [PHONE].,GENERAL,P4,UrbanFold Mini
T100098,web,Where is my order,"Ordered a bike for my daughter's birthday, is it going to arrive by Friday? My email is [EMAIL].",ORDER_STATUS,P3,UNKNOWN
T100442,chat,Help,I found a crack in the frame of my summit pro near the seat post. Is it safe to ride?,SAFETY,P1,Summit Pro Carbon
T100282,email,Warranty question,"The kickstand bolt on my Trailblazer 29er sheared off, bike is less than a year old. You can call me at [PHONE].",WARRANTY,P2,Trailblazer 29
T100199,chat,Shipping,Can you tell me when my urban fold mini order will ship?,ORDER_STATUS,P3,UrbanFold Mini
T100404,web,Question,Is it ok to ride the Summit Carbon in the rain? My email is [EMAIL].,GENERAL,P4,Summit Pro Carbon
T100307,email,,Where is my folding mini? I ordered it 10 days ago and haven't heard anything. Order [ORDER_ID].,ORDER_STATUS,P3,UrbanFold Mini
T100380,email,Shipping,Can you tell me when my CityGlide order will ship? You can call me at [PHONE].,ORDER_STATUS,P3,CityGlide E2
T100189,email,,"Please start a return for the CityGlide E2, it doesn't fit in my apartment. Order [ORDER_ID].",RETURN,P3,CityGlide E2
T100046,email,Accessories,What tire pressure should I run on my KidRider?,GENERAL,P4,KidRider 16
T100350,email,Safety problem,"My son's summit pro has a cracked fork, he was riding it yesterday! You can call me at [PHONE].",SAFETY,P1,Summit Pro Carbon
T100320,web,Where is my order,"My Summit Pro Carbon order says processing for a week now, what's going on? Order [ORDER_ID].",ORDER_STATUS,P3,Summit Pro Carbon
T100291,web,Exchange,The urban fold mini isn't what I expected. Can I get a refund? My email is [EMAIL].,RETURN,P3,UrbanFold Mini
T100209,web,Shipping,Got a delivery notification for the KidRider 16 but nothing showed up at my door.,ORDER_STATUS,P3,KidRider 16
T100374,chat,Brakes!!,The battery on my KidRider got really hot and started smoking in the garage.,SAFETY,P1,KidRider 16
T100292,email,,Chain on my Summit Pro Carbon snapped after two weeks of normal commuting. You can call me at [PHONE].,WARRANTY,P2,Summit Pro Carbon
T100041,email,Help,"My son's kids bike 16 has a cracked fork, he was riding it yesterday! Order [ORDER_ID].",SAFETY,P1,KidRider 16
T100317,email,Quick question,What's the max rider weight for the Summit Pro Carbon? Order [ORDER_ID]. You can call me at [PHONE].,GENERAL,P4,Summit Pro Carbon
T100070,web,Broken part,My Trailblazer 29er is 8 months old and the gears keep slipping. Is this covered?,WARRANTY,P2,Trailblazer 29
T100316,web,,"My name is [NAME] [NAME]. Bought the Trail Blazer 29 as a gift but they already have one, how do returns work? Order [ORDER_ID].",RETURN,P3,Trailblazer 29
T100014,web,URGENT,My name is [NAME] [NAME]. I found a crack in the frame of my TB-29 near the seat post. Is it safe to ride?,SAFETY,P1,Trailblazer 29
T100515,email,Return,"Bought the kids bike 16 as a gift but they already have one, how do returns work?",RETURN,P3,KidRider 16
T100096,email,Quick question,Is it ok to ride the Summit Carbon in the rain?,GENERAL,P4,Summit Pro Carbon
T100210,email,Order update?,Tracking for my Summit Carbon hasn't updated in 4 days.,ORDER_STATUS,P3,Summit Pro Carbon
T100214,email,Shipping,Tracking for my KidRider hasn't updated in 4 days. You can call me at [PHONE].,ORDER_STATUS,P3,KidRider 16
T100334,web,Shipping,Tracking for my KidRider 16 hasn't updated in 4 days. My email is [EMAIL].,ORDER_STATUS,P3,KidRider 16
T100297,web,,Can I put a child seat on my Trailblazer 29er? My email is [EMAIL].,GENERAL,P4,Trailblazer 29
T100196,email,Question,What's the max rider weight for the Trail Blazer 29? You can call me at [PHONE].,GENERAL,P4,Trailblazer 29
T100464,chat,Question,What tire pressure should I run on my TB-29? Order [ORDER_ID].,GENERAL,P4,Trailblazer 29
T100349,chat,Accessories,How often should I get my KidRider serviced?,GENERAL,P4,KidRider 16
T100088,web,Shipping,"My Summit Carbon order says processing for a week now, what's going on?",ORDER_STATUS,P3,Summit Pro Carbon
T100335,email,Accessories,How often should I get my City Glide serviced?,GENERAL,P4,CityGlide E2
T100508,chat,Defect,"Paint on my TB-29 is peeling after only 3 months, can I get it fixed under warranty?",WARRANTY,P2,Trailblazer 29
T100171,web,Shipping,"Ordered a UrbanFold for my daughter's birthday, is it going to arrive by Friday?",ORDER_STATUS,P3,UrbanFold Mini
T100424,web,Exchange,"My name is [NAME] [NAME]. I want to return my E2 ebike, it's too big for me. Order [ORDER_ID].",RETURN,P3,CityGlide E2
T100272,email,Broken part,"The kickstand bolt on my Summit Pro Carbon sheared off, bike is less than a year old.",WARRANTY,P2,Summit Pro Carbon
T100001,email,Shipping,"Ordered a Trail Blazer 29 for my daughter's birthday, is it going to arrive by Friday? Order [ORDER_ID].",ORDER_STATUS,P3,Trailblazer 29
T100147,email,Refund request,I'd like to exchange my urban fold mini for a smaller size.,GENERAL,P4,UrbanFold Mini
T100204,email,Exchange,"Bought the summit pro as a gift but they already have one, how do returns work?",RETURN,P3,Summit Pro Carbon
T100090,email,,Can I put a child seat on my KidRider 16? Order [ORDER_ID].,GENERAL,P4,KidRider 16
T100447,email,Exchange,"I want to return my UrbanFold Mini, it's too big for me. You can call me at [PHONE].",RETURN,P3,UrbanFold Mini
T100505,web,Question,Is it ok to ride the Trail Blazer 29 in the rain? My email is [EMAIL].,GENERAL,P4,Trailblazer 29
T100146,chat,Order update?,"Ordered a Trailblazer 29er for my daughter's birthday, is it going to arrive by Friday? Order [ORDER_ID].",ORDER_STATUS,P3,Trailblazer 29
T100253,web,Accessories,My name is [NAME] [NAME]. How often should I get my kid rider 16 serviced?,GENERAL,P4,KidRider 16
T100413,email,Where is my order,Got a delivery notification for the E2 ebike but nothing showed up at my door. You can call me at [PHONE].,ORDER_STATUS,P3,CityGlide E2
T100401,chat,Brakes!!,"My son's KidRider 16 has a cracked fork, he was riding it yesterday!",SAFETY,P1,KidRider 16
T100108,web,,What tire pressure should I run on my UrbanFold Mini?,GENERAL,P4,UrbanFold Mini
T100371,email,Defect,Chain on my trailblazer29 snapped after two weeks of normal commuting. Order [ORDER_ID].,WARRANTY,P2,Trailblazer 29
T100222,email,Exchange,"Bought the folding mini as a gift but they already have one, how do returns work?",GENERAL,P4,UrbanFold Mini
T100418,email,Return,The bike isn't what I expected. Can I get a refund? Order [ORDER_ID].,RETURN,P3,UNKNOWN
T100162,web,Shipping,Got a delivery notification for the trailblazer29 but nothing showed up at my door.,ORDER_STATUS,P3,Trailblazer 29
T100182,email,Accessories,How often should I get my UrbanFold serviced? Order [ORDER_ID].,GENERAL,P4,UrbanFold Mini
T100296,email,Safety problem,The brakes on my bike stopped working while I was going downhill.,SAFETY,P1,UNKNOWN
T100113,email,Exchange,"Bought the UrbanFold as a gift but they already have one, how do returns work?",RETURN,P3,UrbanFold Mini
T100216,web,Return,"I want to return my Trailblazer 29er, it's too big for me. My email is [EMAIL].",RETURN,P3,Trailblazer 29
T100223,web,Exchange,"My name is [NAME] [NAME]. Bought the Trail Blazer 29 as a gift but they already have one, how do returns work?",RETURN,P3,Trailblazer 29
T100405,chat,Defect,The motor on my Summit Carbon makes a grinding noise. It's still under warranty I think.,WARRANTY,P2,Summit Pro Carbon
T100134,chat,Defect,"Rear derailleur on the summit pro is bent out of the box basically, 5 months old.",WARRANTY,P2,Summit Pro Carbon
T100384,web,Return,"My name is [NAME] [NAME]. I want to return my bike, it's too big for me. Order [ORDER_ID].",RETURN,P3,UNKNOWN
T100502,chat,,"Bought the Summit Pro Carbon as a gift but they already have one, how do returns work?",RETURN,P3,Summit Pro Carbon
T100290,email,Refund request,I'd like to exchange my kid rider 16 for a smaller size.,RETURN,P3,KidRider 16
T100023,chat,,"Please start a return for the folding mini, it doesn't fit in my apartment. Order [ORDER_ID].",RETURN,P3,UrbanFold Mini
T100425,email,Broken part,"Paint on my Trailblazer 29 is peeling after only 3 months, can I get it fixed under warranty? Order [ORDER_ID].",WARRANTY,P2,Trailblazer 29
T100441,chat,Warranty question,"Paint on my Trailblazer 29 is peeling after only 3 months, can I get it fixed under warranty?",WARRANTY,P2,Trailblazer 29
T100360,email,Question,How often should I get my city glide e2 serviced? Order [ORDER_ID].,GENERAL,P4,CityGlide E2
T100159,email,Question,Is it ok to ride the kid rider 16 in the rain? You can call me at [PHONE].,GENERAL,P4,KidRider 16
T100478,email,Quick question,Can I put a child seat on my Trailblazer 29er?,GENERAL,P4,Trailblazer 29
T100462,email,Where is my order,Where is my TB-29? I ordered it 10 days ago and haven't heard anything. You can call me at [PHONE].,ORDER_STATUS,P3,Trailblazer 29
T100322,chat,Refund request,I'd like to exchange my summit pro for a smaller size.,RETURN,P3,Summit Pro Carbon
T100298,email,,The urban fold mini isn't what I expected. Can I get a refund? You can call me at [PHONE].,RETURN,P3,UrbanFold Mini
T100378,web,Brakes!!,"My son's CityGlide E2 has a cracked fork, he was riding it yesterday! Order [ORDER_ID].",SAFETY,P1,CityGlide E2
T100212,chat,Safety problem,"Front brake on the KidRider feels like it's not grabbing at all, really scary. Order [ORDER_ID].",SAFETY,P1,KidRider 16
